Model,Accuracy,F1 Score,Val Loss,Training Time (s),Parameters,Epochs
DuET,0.754978354978355,0.7503638437878761,0.7235570549964905,75.25176167488098,1781379,10
HF-PatchTST,0.5532467532467532,0.5988296324444284,2.012228012084961,177.5133571624756,4254724,12
Custom-PatchTST,0.907070707070707,0.9064449709051552,0.37997180223464966,22.92243504524231,1795331,8
CNN,0.9287157287157287,0.926323617891121,0.3862544894218445,18.044752597808838,684931,10
PatchTSTNan,0.9131313131313131,0.9121630429495599,0.21519096195697784,33.23878073692322,1809667,11
