Model,Accuracy,F1 Score,Val Loss,Training Time (s),Parameters,Epochs
DuET,0.7223665223665223,0.7142561922839151,1.3529213666915894,41.5463285446167,844611,8
PatchTST,0.9134199134199135,0.9129028762857054,0.27596428990364075,40.06176805496216,853507,13
CNN,0.9235209235209235,0.9245069123085774,0.4113423228263855,29.708385229110718,684931,16
