Model,Accuracy,F1 Score,Val Loss,Training Time (s),Parameters,Epochs
DuET,0.7463203463203463,0.7426173189502799,0.6166586875915527,58.98627018928528,844611,11
PatchTST,0.9018759018759018,0.900461155434393,0.2878241240978241,31.477214813232422,853507,10
CNN,0.9137085137085137,0.9134211718819332,0.28387367725372314,29.981507062911987,684931,14
