Model,Accuracy,F1 Score,Val Loss,Training Time (s),Parameters,Epochs,Dataset,Numeric Features,Categorical Features,Total Features
IoT_Sensors,0.995,0.9949997215260373,0.020175626501441002,2.5803024768829346,648148,6,IoT Sensors,8,2,10
User_Analytics,0.995,0.9950002784739627,0.038183487951755524,1.8176631927490234,648148,6,User Analytics,12,1,13
Financial_Data,0.99,0.9899629671192908,0.026759715750813484,1.7397382259368896,648148,6,Financial Data,6,0,6
Weather_Station,0.995,0.9949997215260373,0.01541595347225666,1.317312479019165,648148,5,Weather Station,4,3,7
