Model,Accuracy,F1 Score,Val Loss,Training Time (s),Parameters,Epochs,Dataset,Numeric Features,Categorical Features,Total Features
IoT_Sensors,0.995,0.9949997215260373,0.020175626501441002,2.554046630859375,648148,6,IoT Sensors,8,2,10
User_Analytics,0.995,0.9950002784739627,0.038183487951755524,1.779778003692627,648148,6,User Analytics,12,1,13
Financial_Data,0.99,0.9899629671192908,0.026759715750813484,1.7290067672729492,648148,6,Financial Data,6,0,6
Weather_Station,0.995,0.9949997215260373,0.01541595347225666,1.4544408321380615,648148,5,Weather Station,4,3,7
