Model,Accuracy,F1 Score,Val Loss,Training Time (s),Parameters,Epochs,Use Columns
PatchDuET-Baseline,0.9079365079365079,0.9058715698193687,0.32409897446632385,29.863922119140625,1809667,7,No
PatchDuET-Columns,0.8776334776334777,0.8726486801228144,0.3954709768295288,19.60316252708435,1824132,5,Yes
